Event,Entry
https://sports-statistics.com/ufc/ufc-fight-statistics/ufc-fight-night-yusuff-vs-barboza,1
https://sports-statistics.com/ufc/ufc-fight-statistics/ufc-fight-night-dawson-vs-green,2
https://sports-statistics.com/ufc/ufc-fight-statistics/ufc-fight-night-fiziev-vs-gamrot,3
https://sports-statistics.com/ufc/ufc-fight-statistics/ufc-fight-night-grasso-vs-shevchenko-2,4
https://sports-statistics.com/ufc/ufc-fight-statistics/ufc-293-adesanya-vs-strickland,5
https://sports-statistics.com/ufc/ufc-fight-statistics/ufc-fight-night-gane-vs-spivac,6
https://sports-statistics.com/ufc/ufc-fight-statistics/ufc-fight-night-holloway-vs-the-korean-zombie,7
https://sports-statistics.com/ufc/ufc-fight-statistics/ufc-292-sterling-vs-o-malley,8
https://sports-statistics.com/ufc/ufc-fight-statistics/ufc-fight-night-luque-vs-dos-anjos,9
https://sports-statistics.com/ufc/ufc-fight-statistics/ufc-fight-night-sandhagen-vs-font,10
https://sports-statistics.com/ufc/ufc-fight-statistics/ufc-291-poirier-vs-gaethje-2,11
https://sports-statistics.com/ufc/ufc-fight-statistics/ufc-fight-night-aspinall-vs-tybura,12
https://sports-statistics.com/ufc/ufc-fight-statistics/ufc-fight-night-holm-vs-bueno-silva,13
https://sports-statistics.com/ufc/ufc-fight-statistics/ufc-290-volkanovski-vs-rodriguez,14
https://sports-statistics.com/ufc/ufc-fight-statistics/ufc-fight-night-strickland-vs-magomedov,15
https://sports-statistics.com/ufc/ufc-fight-statistics/ufc-fight-night-emmett-vs-topuria,16
https://sports-statistics.com/ufc/ufc-fight-statistics/ufc-fight-night-vettori-vs-cannonier,17
https://sports-statistics.com/ufc/ufc-fight-statistics/ufc-289-nunes-vs-aldana,18
https://sports-statistics.com/ufc/ufc-fight-statistics/ufc-fight-night-kara-france-vs-albazi,19
https://sports-statistics.com/ufc/ufc-fight-statistics/ufc-fight-night-dern-vs-hill,20
https://sports-statistics.com/ufc/ufc-fight-statistics/ufc-fight-night-rozenstruik-vs-almeida,21
https://sports-statistics.com/ufc/ufc-fight-statistics/ufc-288-sterling-vs-cejudo,22
https://sports-statistics.com/ufc/ufc-fight-statistics/ufc-fight-night-song-vs-simon,23
https://sports-statistics.com/ufc/ufc-fight-statistics/ufc-fight-night-pavlovich-vs-blaydes,24
https://sports-statistics.com/ufc/ufc-fight-statistics/ufc-fight-night-holloway-vs-allen,25
https://sports-statistics.com/ufc/ufc-fight-statistics/ufc-287-pereira-vs-adesanya-2,26
https://sports-statistics.com/ufc/ufc-fight-statistics/ufc-fight-night-vera-vs-sandhagen,27
https://sports-statistics.com/ufc/ufc-fight-statistics/ufc-286-edwards-vs-usman-3,28
https://sports-statistics.com/ufc/ufc-fight-statistics/ufc-fight-night-yan-vs-dvalishvili,29
https://sports-statistics.com/ufc/ufc-fight-statistics/ufc-285-jones-vs-gane,30
https://sports-statistics.com/ufc/ufc-fight-statistics/ufc-fight-night-muniz-vs-allen,31
https://sports-statistics.com/ufc/ufc-fight-statistics/ufc-fight-night-andrade-vs-blanchfield,32
https://sports-statistics.com/ufc/ufc-fight-statistics/ufc-284-makhachev-vs-volkanovski,33
https://sports-statistics.com/ufc/ufc-fight-statistics/ufc-fight-night-lewis-vs-spivac,34
https://sports-statistics.com/ufc/ufc-fight-statistics/ufc-283-teixeira-vs-hill,35
https://sports-statistics.com/ufc/ufc-fight-statistics/ufc-fight-night-strickland-vs-imavov,36
https://sports-statistics.com/ufc/ufc-fight-statistics/ufc-fight-night-cannonier-vs-strickland,37
https://sports-statistics.com/ufc/ufc-fight-statistics/ufc-282-blachowicz-vs-ankalaev,38
https://sports-statistics.com/ufc/ufc-fight-statistics/ufc-fight-night-thompson-vs-holland,39
https://sports-statistics.com/ufc/ufc-fight-statistics/ufc-fight-night-nzechukwu-vs-cutelaba,40
https://sports-statistics.com/ufc/ufc-fight-statistics/ufc-281-adesanya-vs-pereira,41
https://sports-statistics.com/ufc/ufc-fight-statistics/ufc-fight-night-kattar-vs-allen,42
https://sports-statistics.com/ufc/ufc-fight-statistics/ufc-280-oliveira-vs-makhachev,43
https://sports-statistics.com/ufc/ufc-fight-statistics/ufc-fight-night-grasso-vs-araujo,44
https://sports-statistics.com/ufc/ufc-fight-statistics/ufc-fight-night-dern-vs-yan,45
https://sports-statistics.com/ufc/ufc-fight-statistics/ufc-fight-night-sandhagen-vs-song,46
https://sports-statistics.com/ufc/ufc-fight-statistics/ufc-279-diaz-vs-ferguson,47
https://sports-statistics.com/ufc/ufc-fight-statistics/ufc-fight-night-gane-vs-tuivasa,48
https://sports-statistics.com/ufc/ufc-fight-statistics/ufc-278-usman-vs-edwards,49
https://sports-statistics.com/ufc/ufc-fight-statistics/ufc-fight-night-vera-vs-cruz,50
https://sports-statistics.com/ufc/ufc-fight-statistics/ufc-fight-night-santos-vs-hill,51
https://sports-statistics.com/ufc/ufc-fight-statistics/ufc-277-pena-vs-nunes-2,52
https://sports-statistics.com/ufc/ufc-fight-statistics/ufc-fight-night-blaydes-vs-aspinall,53
https://sports-statistics.com/ufc/ufc-fight-statistics/ufc-fight-night-ortega-vs-rodriguez,54
https://sports-statistics.com/ufc/ufc-fight-statistics/ufc-276-adesanya-vs-cannonier,55
https://sports-statistics.com/ufc/ufc-fight-statistics/ufc-fight-night-tsarukyan-vs-gamrot,56
https://sports-statistics.com/ufc/ufc-fight-statistics/ufc-fight-night-kattar-vs-emmett,57
https://sports-statistics.com/ufc/ufc-fight-statistics/ufc-275-teixeira-vs-prochazka,58
https://sports-statistics.com/ufc/ufc-fight-statistics/ufc-fight-night-volkov-vs-rozenstruik,59
https://sports-statistics.com/ufc/ufc-fight-statistics/ufc-fight-night-holm-vs-vieira,60
https://sports-statistics.com/ufc/ufc-fight-statistics/ufc-fight-night-blachowicz-vs-rakic,61
https://sports-statistics.com/ufc/ufc-fight-statistics/ufc-274-oliveira-vs-gaethje,62
https://sports-statistics.com/ufc/ufc-fight-statistics/ufc-fight-night-santos-vs-ankalaev,63
https://sports-statistics.com/ufc/ufc-fight-statistics/ufc-272-covington-vs-masvidal,64
https://sports-statistics.com/ufc/ufc-fight-statistics/ufc-fight-night-makhachev-vs-green,65
https://sports-statistics.com/ufc/ufc-fight-statistics/ufc-270-ngannou-vs-gane,66
https://sports-statistics.com/ufc/ufc-fight-statistics/ufc-fight-night-kattar-vs-chikadze,67
https://sports-statistics.com/ufc/ufc-fight-statistics/ufc-fight-night-lewis-vs-daukaus,68
https://sports-statistics.com/ufc/ufc-fight-statistics/ufc-269-oliveira-vs-poirier,69
https://sports-statistics.com/ufc/ufc-fight-statistics/ufc-fight-night-font-vs-aldo,70
https://sports-statistics.com/ufc/ufc-fight-statistics/ufc-fight-night-vieira-vs-tate,71
https://sports-statistics.com/ufc/ufc-fight-statistics/ufc-fight-night-holloway-vs-rodriguez,72
https://sports-statistics.com/ufc/ufc-fight-statistics/ufc-268-usman-vs-covington-2,73
https://sports-statistics.com/ufc/ufc-fight-statistics/ufc-267-blachowicz-vs-teixeira,74
https://sports-statistics.com/ufc/ufc-fight-statistics/ufc-fight-night-costa-vs-vettori,75
https://sports-statistics.com/ufc/ufc-fight-statistics/ufc-fight-night-ladd-vs-dumont,76
https://sports-statistics.com/ufc/ufc-fight-statistics/ufc-fight-night-dern-vs-rodriguez,77
https://sports-statistics.com/ufc/ufc-fight-statistics/ufc-fight-night-santos-vs-walker,78
https://sports-statistics.com/ufc/ufc-fight-statistics/ufc-266-volkanovski-vs-ortega,79
https://sports-statistics.com/ufc/ufc-fight-statistics/ufc-fight-night-smith-vs-spann,80
https://sports-statistics.com/ufc/ufc-fight-statistics/ufc-fight-night-brunson-vs-till,81
https://sports-statistics.com/ufc/ufc-fight-statistics/ufc-fight-night-barboza-vs-chikadze,82
https://sports-statistics.com/ufc/ufc-fight-statistics/ufc-fight-night-cannonier-vs-gastelum,83
https://sports-statistics.com/ufc/ufc-fight-statistics/ufc-265-lewis-vs-gane,84
https://sports-statistics.com/ufc/ufc-fight-statistics/ufc-fight-night-hall-vs-strickland,85
https://sports-statistics.com/ufc/ufc-fight-statistics/ufc-fight-night-sandhagen-vs-dillashaw,86
https://sports-statistics.com/ufc/ufc-fight-statistics/ufc-fight-night-makhachev-vs-moises,87
https://sports-statistics.com/ufc/ufc-fight-statistics/ufc-264-poirier-vs-mcgregor-3,88
https://sports-statistics.com/ufc/ufc-fight-statistics/ufc-fight-night-gane-vs-volkov,89
https://sports-statistics.com/ufc/ufc-fight-statistics/ufc-fight-night-jung-vs-ige,90
https://sports-statistics.com/ufc/ufc-fight-statistics/ufc-263-adesanya-vs-vettori-2,91
https://sports-statistics.com/ufc/ufc-fight-statistics/ufc-fight-night-rozenstruik-vs-sakai,92
https://sports-statistics.com/ufc/ufc-fight-statistics/ufc-fight-night-font-vs-garbrandt,93
https://sports-statistics.com/ufc/ufc-fight-statistics/ufc-262-oliveira-vs-chandler,94
https://sports-statistics.com/ufc/ufc-fight-statistics/ufc-fight-night-rodriguez-vs-waterson,95
https://sports-statistics.com/ufc/ufc-fight-statistics/ufc-fight-night-reyes-vs-prochazka,96
https://sports-statistics.com/ufc/ufc-fight-statistics/ufc-261-usman-vs-masvidal-2,97
https://sports-statistics.com/ufc/ufc-fight-statistics/ufc-fight-night-whittaker-vs-gastelum,98
https://sports-statistics.com/ufc/ufc-fight-statistics/ufc-fight-night-vettori-vs-holland,99
https://sports-statistics.com/ufc/ufc-fight-statistics/ufc-260-miocic-vs-ngannou,100
https://sports-statistics.com/ufc/ufc-fight-statistics/ufc-fight-night-brunson-vs-holland,101
https://sports-statistics.com/ufc/ufc-fight-statistics/ufc-fight-night-edwards-vs-muhammad,102
https://sports-statistics.com/ufc/ufc-fight-statistics/ufc-259-blachowicz-vs-adesanya,103
https://sports-statistics.com/ufc/ufc-fight-statistics/ufc-fight-night-rozenstruik-vs-gane,104
https://sports-statistics.com/ufc/ufc-fight-statistics/ufc-fight-night-blaydes-vs-lewis,105
https://sports-statistics.com/ufc/ufc-fight-statistics/ufc-258-usman-vs-burns,106
https://sports-statistics.com/ufc/ufc-fight-statistics/ufc-fight-night-overeem-vs-volkov,107
https://sports-statistics.com/ufc/ufc-fight-statistics/ufc-257-poirier-vs-mcgregor,108
https://sports-statistics.com/ufc/ufc-fight-statistics/ufc-fight-night-chiesa-vs-magny,109
https://sports-statistics.com/ufc/ufc-fight-statistics/ufc-fight-night-holloway-vs-kattar,110
https://sports-statistics.com/ufc/ufc-fight-statistics/ufc-fight-night-thompson-vs-neal,111
https://sports-statistics.com/ufc/ufc-fight-statistics/ufc-256-figueiredo-vs-moreno,112
https://sports-statistics.com/ufc/ufc-fight-statistics/ufc-fight-night-hermansson-vs-vettori,113
https://sports-statistics.com/ufc/ufc-fight-statistics/ufc-fight-night-smith-vs-clark,114
https://sports-statistics.com/ufc/ufc-fight-statistics/ufc-255-figueiredo-vs-perez,115
https://sports-statistics.com/ufc/ufc-fight-statistics/ufc-fight-night-felder-vs-dos-anjos,116
https://sports-statistics.com/ufc/ufc-fight-statistics/ufc-fight-night-santos-vs-teixeira,117
https://sports-statistics.com/ufc/ufc-fight-statistics/ufc-fight-night-hall-vs-silva,118
https://sports-statistics.com/ufc/ufc-fight-statistics/ufc-254-khabib-vs-gaethje,119
https://sports-statistics.com/ufc/ufc-fight-statistics/ufc-fight-night-ortega-vs-the-korean-zombie,120
https://sports-statistics.com/ufc/ufc-fight-statistics/ufc-fight-night-moraes-vs-sandhagen,121
https://sports-statistics.com/ufc/ufc-fight-statistics/ufc-fight-night-holm-vs-aldana,122
https://sports-statistics.com/ufc/ufc-fight-statistics/ufc-253-adesanya-vs-costa,123
https://sports-statistics.com/ufc/ufc-fight-statistics/ufc-fight-night-covington-vs-woodley,124
https://sports-statistics.com/ufc/ufc-fight-statistics/ufc-fight-night-waterson-vs-hill,125
https://sports-statistics.com/ufc/ufc-fight-statistics/ufc-fight-night-overeem-vs-sakai,126
https://sports-statistics.com/ufc/ufc-fight-statistics/ufc-fight-night-smith-vs-rakic,127
https://sports-statistics.com/ufc/ufc-fight-statistics/ufc-fight-night-munhoz-vs-edgar,128
https://sports-statistics.com/ufc/ufc-fight-statistics/ufc-252-miocic-vs-cormier-3,129
https://sports-statistics.com/ufc/ufc-fight-statistics/ufc-fight-night-lewis-vs-oleinik,130
https://sports-statistics.com/ufc/ufc-fight-statistics/ufc-fight-night-brunson-vs-shahbazyan,131
https://sports-statistics.com/ufc/ufc-fight-statistics/ufc-fight-night-whittaker-vs-till,132
https://sports-statistics.com/ufc/ufc-fight-statistics/ufc-fight-night-figueiredo-vs-benavidez-2,133
https://sports-statistics.com/ufc/ufc-fight-statistics/ufc-fight-night-kattar-vs-ige,134
https://sports-statistics.com/ufc/ufc-fight-statistics/ufc-251-usman-vs-masvidal,135
https://sports-statistics.com/ufc/ufc-fight-statistics/ufc-fight-night-poirier-vs-hooker,136
https://sports-statistics.com/ufc/ufc-fight-statistics/ufc-fight-night-blaydes-vs-volkov,137
https://sports-statistics.com/ufc/ufc-fight-statistics/ufc-fight-night-eye-vs-calvillo,138
https://sports-statistics.com/ufc/ufc-fight-statistics/ufc-250-nunes-vs-spencer,139
https://sports-statistics.com/ufc/ufc-fight-statistics/ufc-fight-night-woodley-vs-burns,140
https://sports-statistics.com/ufc/ufc-fight-statistics/ufc-fight-night-overeem-vs-harris,141
https://sports-statistics.com/ufc/ufc-fight-statistics/ufc-fight-night-smith-vs-teixeira,142
https://sports-statistics.com/ufc/ufc-fight-statistics/ufc-249-ferguson-vs-gaethje,143
https://sports-statistics.com/ufc/ufc-fight-statistics/ufc-fight-night-lee-vs-oliveira,144
https://sports-statistics.com/ufc/ufc-fight-statistics/ufc-248-adesanya-vs-romero,145
https://sports-statistics.com/ufc/ufc-fight-statistics/ufc-fight-night-benavidez-vs-figueiredo,146
https://sports-statistics.com/ufc/ufc-fight-statistics/ufc-fight-night-felder-vs-hooker,147
https://sports-statistics.com/ufc/ufc-fight-statistics/ufc-fight-night-anderson-vs-blachowicz,148
https://sports-statistics.com/ufc/ufc-fight-statistics/ufc-247-jones-vs-reyes,149
https://sports-statistics.com/ufc/ufc-fight-statistics/ufc-fight-night-blaydes-vs-dos-santos,150
https://sports-statistics.com/ufc/ufc-fight-statistics/ufc-246-mcgregor-vs-cowboy,151
https://sports-statistics.com/ufc/ufc-fight-statistics/ufc-fight-night-edgar-vs-the-korean-zombie,152
https://sports-statistics.com/ufc/ufc-fight-statistics/ufc-245-usman-vs-covington,153
https://sports-statistics.com/ufc/ufc-fight-statistics/ufc-fight-night-overeem-vs-rozenstruik,154
https://sports-statistics.com/ufc/ufc-fight-statistics/ufc-fight-night-blachowicz-vs-jacare,155
https://sports-statistics.com/ufc/ufc-fight-statistics/ufc-fight-night-zabit-vs-kattar,156
https://sports-statistics.com/ufc/ufc-fight-statistics/ufc-244-masvidal-vs-diaz,157
https://sports-statistics.com/ufc/ufc-fight-statistics/ufc-fight-night-maia-vs-askren,158
https://sports-statistics.com/ufc/ufc-fight-statistics/ufc-fight-night-reyes-vs-weidman,159
https://sports-statistics.com/ufc/ufc-fight-statistics/ufc-fight-night-joanna-vs-waterson,160
https://sports-statistics.com/ufc/ufc-fight-statistics/ufc-243-whittaker-vs-adesanya,161
https://sports-statistics.com/ufc/ufc-fight-statistics/ufc-fight-night-hermansson-vs-cannonier,162
https://sports-statistics.com/ufc/ufc-fight-statistics/ufc-fight-night-rodriguez-vs-stephens,163
https://sports-statistics.com/ufc/ufc-fight-statistics/ufc-fight-night-cowboy-vs-gaethje,164
https://sports-statistics.com/ufc/ufc-fight-statistics/ufc-242-khabib-vs-poirier,165
https://sports-statistics.com/ufc/ufc-fight-statistics/ufc-fight-night-andrade-vs-zhang,166
https://sports-statistics.com/ufc/ufc-fight-statistics/ufc-241-cormier-vs-miocic-2,167
https://sports-statistics.com/ufc/ufc-fight-statistics/ufc-fight-night-shevchenko-vs-carmouche-2,168
https://sports-statistics.com/ufc/ufc-fight-statistics/ufc-fight-night-covington-vs-lawler,169
https://sports-statistics.com/ufc/ufc-fight-statistics/ufc-240-holloway-vs-edgar,170
https://sports-statistics.com/ufc/ufc-fight-statistics/ufc-fight-night-dos-anjos-vs-edwards,171
https://sports-statistics.com/ufc/ufc-fight-statistics/ufc-fight-night-de-randamie-vs-ladd,172
https://sports-statistics.com/ufc/ufc-fight-statistics/ufc-239-jones-vs-santos,173
https://sports-statistics.com/ufc/ufc-fight-statistics/ufc-fight-night-ngannou-vs-dos-santos,174
https://sports-statistics.com/ufc/ufc-fight-statistics/ufc-fight-night-moicano-vs-the-korean-zombie,175
https://sports-statistics.com/ufc/ufc-fight-statistics/ufc-238-cejudo-vs-moraes,176
https://sports-statistics.com/ufc/ufc-fight-statistics/ufc-fight-night-gustafsson-vs-smith,177
https://sports-statistics.com/ufc/ufc-fight-statistics/ufc-fight-night-dos-anjos-vs-lee,178
https://sports-statistics.com/ufc/ufc-fight-statistics/ufc-237-namajunas-vs-andrade,179
https://sports-statistics.com/ufc/ufc-fight-statistics/ufc-fight-night-iaquinta-vs-cowboy,180
https://sports-statistics.com/ufc/ufc-fight-statistics/ufc-fight-night-jacare-vs-hermansson,181
https://sports-statistics.com/ufc/ufc-fight-statistics/ufc-fight-night-overeem-vs-oleinik,182
https://sports-statistics.com/ufc/ufc-fight-statistics/ufc-236-holloway-vs-poirier-2,183
https://sports-statistics.com/ufc/ufc-fight-statistics/ufc-fight-night-barboza-vs-gaethje,184
https://sports-statistics.com/ufc/ufc-fight-statistics/ufc-fight-night-thompson-vs-pettis,185
https://sports-statistics.com/ufc/ufc-fight-statistics/ufc-fight-night-till-vs-masvidal,186
https://sports-statistics.com/ufc/ufc-fight-statistics/ufc-fight-night-lewis-vs-dos-santos,187
https://sports-statistics.com/ufc/ufc-fight-statistics/ufc-235-jones-vs-smith,188
https://sports-statistics.com/ufc/ufc-fight-statistics/ufc-fight-night-blachowicz-vs-santos,189
https://sports-statistics.com/ufc/ufc-fight-statistics/ufc-fight-night-ngannou-vs-velasquez,190
https://sports-statistics.com/ufc/ufc-fight-statistics/ufc-234-adesanya-vs-silva,191
https://sports-statistics.com/ufc/ufc-fight-statistics/ufc-fight-night-assuncao-vs-moraes-2,192
https://sports-statistics.com/ufc/ufc-fight-statistics/ufc-fight-night-cejudo-vs-dillashaw,193
https://sports-statistics.com/ufc/ufc-fight-statistics/ufc-232-jones-vs-gustafsson-2,194
https://sports-statistics.com/ufc/ufc-fight-statistics/ufc-fight-night-lee-vs-iaquinta,195
https://sports-statistics.com/ufc/ufc-fight-statistics/ufc-231-holloway-vs-ortega,196
https://sports-statistics.com/ufc/ufc-fight-statistics/ufc-fight-night-dos-santos-vs-tuivasa,197
https://sports-statistics.com/ufc/ufc-fight-statistics/the-ultimate-fighter-heavy-hitters-finale,198
https://sports-statistics.com/ufc/ufc-fight-statistics/ufc-fight-night-blaydes-vs-ngannou-2,199
https://sports-statistics.com/ufc/ufc-fight-statistics/ufc-fight-night-magny-vs-ponzinibbio,200
https://sports-statistics.com/ufc/ufc-fight-statistics/ufc-fight-night-korean-zombie-vs-rodriguez,201
https://sports-statistics.com/ufc/ufc-fight-statistics/ufc-230-cormier-vs-lewis,202
https://sports-statistics.com/ufc/ufc-fight-statistics/ufc-fight-night-oezdemir-vs-smith,203
https://sports-statistics.com/ufc/ufc-fight-statistics/ufc-229-khabib-vs-mcgregor,204
https://sports-statistics.com/ufc/ufc-fight-statistics/ufc-fight-night-marreta-vs-anders,205
https://sports-statistics.com/ufc/ufc-fight-statistics/ufc-fight-night-hunt-vs-oleinik,206
https://sports-statistics.com/ufc/ufc-fight-statistics/ufc-228-woodley-vs-till,207
https://sports-statistics.com/ufc/ufc-fight-statistics/ufc-fight-night-gaethje-vs-vick,208
https://sports-statistics.com/ufc/ufc-fight-statistics/ufc-227-dillashaw-vs-garbrandt-2,209
https://sports-statistics.com/ufc/ufc-fight-statistics/ufc-fight-night-alvarez-vs-poirier-2,210
https://sports-statistics.com/ufc/ufc-fight-statistics/ufc-fight-night-shogun-vs-smith,211
https://sports-statistics.com/ufc/ufc-fight-statistics/ufc-fight-night-dos-santos-vs-ivanov,212
https://sports-statistics.com/ufc/ufc-fight-statistics/ufc-226-miocic-vs-cormier,213
https://sports-statistics.com/ufc/ufc-fight-statistics/the-ultimate-fighter-undefeated-finale,214
https://sports-statistics.com/ufc/ufc-fight-statistics/ufc-fight-night-cowboy-vs-edwards,215
https://sports-statistics.com/ufc/ufc-fight-statistics/ufc-225-whittaker-vs-romero-2,216
https://sports-statistics.com/ufc/ufc-fight-statistics/ufc-fight-night-rivera-vs-moraes,217
https://sports-statistics.com/ufc/ufc-fight-statistics/ufc-fight-night-thompson-vs-till,218
https://sports-statistics.com/ufc/ufc-fight-statistics/ufc-fight-night-maia-vs-usman,219
https://sports-statistics.com/ufc/ufc-fight-statistics/ufc-224-nunes-vs-pennington,220
https://sports-statistics.com/ufc/ufc-fight-statistics/ufc-fight-night-barboza-vs-lee,221
https://sports-statistics.com/ufc/ufc-fight-statistics/ufc-fight-night-poirier-vs-gaethje,222
https://sports-statistics.com/ufc/ufc-fight-statistics/ufc-223-khabib-vs-iaquinta,223
https://sports-statistics.com/ufc/ufc-fight-statistics/ufc-fight-night-werdum-vs-volkov,224
https://sports-statistics.com/ufc/ufc-fight-statistics/ufc-222-cyborg-vs-kunitskaya,225
https://sports-statistics.com/ufc/ufc-fight-statistics/ufc-fight-night-emmett-vs-stephens,226
https://sports-statistics.com/ufc/ufc-fight-statistics/ufc-fight-night-cerrone-vs-medeiros,227
https://sports-statistics.com/ufc/ufc-fight-statistics/ufc-221-romero-vs-rockhold,228
https://sports-statistics.com/ufc/ufc-fight-statistics/ufc-fight-night-machida-vs-anders,229
https://sports-statistics.com/ufc/ufc-fight-statistics/ufc-fight-night-jacare-vs-brunson-2,230
https://sports-statistics.com/ufc/ufc-fight-statistics/ufc-220-miocic-vs-ngannou,231
https://sports-statistics.com/ufc/ufc-fight-statistics/ufc-fight-night-stephens-vs-choi,232
https://sports-statistics.com/ufc/ufc-fight-statistics/ufc-219-cyborg-vs-holm,233
https://sports-statistics.com/ufc/ufc-fight-statistics/ufc-fight-night-lawler-vs-dos-anjos,234
https://sports-statistics.com/ufc/ufc-fight-statistics/ufc-fight-night-swanson-vs-ortega,235
https://sports-statistics.com/ufc/ufc-fight-statistics/ufc-218-holloway-vs-aldo-2,236
https://sports-statistics.com/ufc/ufc-fight-statistics/the-ultimate-fighter-a-new-world-champion-finale,237
https://sports-statistics.com/ufc/ufc-fight-statistics/ufc-fight-night-bisping-vs-gastelum,238
https://sports-statistics.com/ufc/ufc-fight-statistics/ufc-fight-night-werdum-vs-tybura,239
https://sports-statistics.com/ufc/ufc-fight-statistics/ufc-fight-night-poirier-vs-pettis,240
https://sports-statistics.com/ufc/ufc-fight-statistics/ufc-217-bisping-vs-st-pierre,241
https://sports-statistics.com/ufc/ufc-fight-statistics/ufc-fight-night-brunson-vs-machida,242
https://sports-statistics.com/ufc/ufc-fight-statistics/ufc-fight-night-cerrone-vs-till,243
https://sports-statistics.com/ufc/ufc-fight-statistics/ufc-216-ferguson-vs-lee,244
https://sports-statistics.com/ufc/ufc-fight-statistics/ufc-fight-night-saint-preux-vs-okami,245
https://sports-statistics.com/ufc/ufc-fight-statistics/ufc-fight-night-rockhold-vs-branch,246
https://sports-statistics.com/ufc/ufc-fight-statistics/ufc-215-nunes-vs-shevchenko-2,247
https://sports-statistics.com/ufc/ufc-fight-statistics/ufc-fight-night-volkov-vs-struve,248
https://sports-statistics.com/ufc/ufc-fight-statistics/ufc-fight-night-pettis-vs-moreno,249
https://sports-statistics.com/ufc/ufc-fight-statistics/ufc-214-cormier-vs-jones-2,250
https://sports-statistics.com/ufc/ufc-fight-statistics/ufc-fight-night-weidman-vs-gastelum,251
https://sports-statistics.com/ufc/ufc-fight-statistics/ufc-fight-night-nelson-vs-ponzinibbio,252
https://sports-statistics.com/ufc/ufc-fight-statistics/ufc-213-romero-vs-whittaker,253
https://sports-statistics.com/ufc/ufc-fight-statistics/the-ultimate-fighter-redemption-finale,254
https://sports-statistics.com/ufc/ufc-fight-statistics/ufc-fight-night-chiesa-vs-lee,255
https://sports-statistics.com/ufc/ufc-fight-statistics/ufc-fight-night-holm-vs-correia,256
https://sports-statistics.com/ufc/ufc-fight-statistics/ufc-fight-night-lewis-vs-hunt,257
https://sports-statistics.com/ufc/ufc-fight-statistics/ufc-212-aldo-vs-holloway,258
https://sports-statistics.com/ufc/ufc-fight-statistics/ufc-fight-night-gustafsson-vs-teixeira,259
https://sports-statistics.com/ufc/ufc-fight-statistics/ufc-211-miocic-vs-dos-santos,260
https://sports-statistics.com/ufc/ufc-fight-statistics/ufc-fight-night-swanson-vs-lobov,261
https://sports-statistics.com/ufc/ufc-fight-statistics/ufc-on-fox-johnson-vs-reis,262
https://sports-statistics.com/ufc/ufc-fight-statistics/ufc-210-cormier-vs-johnson-2,263
https://sports-statistics.com/ufc/ufc-fight-statistics/ufc-fight-night-manuwa-vs-anderson,264
https://sports-statistics.com/ufc/ufc-fight-statistics/ufc-fight-night-belfort-vs-gastelum,265
https://sports-statistics.com/ufc/ufc-fight-statistics/ufc-209-woodley-vs-thompson-2,266
https://sports-statistics.com/ufc/ufc-fight-statistics/ufc-fight-night-lewis-vs-browne,267
https://sports-statistics.com/ufc/ufc-fight-statistics/ufc-208-holm-vs-de-randamie,268
https://sports-statistics.com/ufc/ufc-fight-statistics/ufc-fight-night-bermudez-vs-the-korean-zombie,269
https://sports-statistics.com/ufc/ufc-fight-statistics/ufc-on-fox-shevchenko-vs-pena,270
https://sports-statistics.com/ufc/ufc-fight-statistics/ufc-fight-night-rodriguez-vs-penn,271
https://sports-statistics.com/ufc/ufc-fight-statistics/ufc-207-nunes-vs-rousey,272
https://sports-statistics.com/ufc/ufc-fight-statistics/ufc-on-fox-vanzant-vs-waterson,273
https://sports-statistics.com/ufc/ufc-fight-statistics/ufc-206-holloway-vs-pettis,274
https://sports-statistics.com/ufc/ufc-fight-statistics/ufc-fight-night-lewis-vs-abdurakhimov,275
https://sports-statistics.com/ufc/ufc-fight-statistics/the-ultimate-fighter-tournament-of-champions-finale,276
https://sports-statistics.com/ufc/ufc-fight-statistics/ufc-fight-night-whittaker-vs-brunson,277
https://sports-statistics.com/ufc/ufc-fight-statistics/ufc-fight-night-bader-vs-nogueira,278
https://sports-statistics.com/ufc/ufc-fight-statistics/ufc-fight-night-mousasi-vs-hall-2,279
https://sports-statistics.com/ufc/ufc-fight-statistics/ufc-205-alvarez-vs-mcgregor,280
https://sports-statistics.com/ufc/ufc-fight-statistics/ufc-fight-night-dos-anjos-vs-ferguson,281
https://sports-statistics.com/ufc/ufc-fight-statistics/ufc-204-bisping-vs-henderson,282
https://sports-statistics.com/ufc/ufc-fight-statistics/ufc-fight-night-lineker-vs-dodson,283
https://sports-statistics.com/ufc/ufc-fight-statistics/ufc-fight-night-cyborg-vs-lansberg,284
https://sports-statistics.com/ufc/ufc-fight-statistics/ufc-fight-night-poirier-vs-johnson,285
https://sports-statistics.com/ufc/ufc-fight-statistics/ufc-203-miocic-vs-overeem,286
https://sports-statistics.com/ufc/ufc-fight-statistics/ufc-fight-night-arlovski-vs-barnett,287
https://sports-statistics.com/ufc/ufc-fight-statistics/ufc-on-fox-maia-vs-condit,288
https://sports-statistics.com/ufc/ufc-fight-statistics/ufc-202-diaz-vs-mcgregor-2,289
https://sports-statistics.com/ufc/ufc-fight-statistics/ufc-fight-night-rodriguez-vs-caceres,290
https://sports-statistics.com/ufc/ufc-fight-statistics/ufc-201-lawler-vs-woodley,291
https://sports-statistics.com/ufc/ufc-fight-statistics/ufc-on-fox-holm-vs-shevchenko,292
https://sports-statistics.com/ufc/ufc-fight-statistics/ufc-fight-night-mcdonald-vs-lineker,293
https://sports-statistics.com/ufc/ufc-fight-statistics/ufc-200-tate-vs-nunes,294
https://sports-statistics.com/ufc/ufc-fight-statistics/the-ultimate-fighter-team-joanna-vs-team-cludia-finale,295
https://sports-statistics.com/ufc/ufc-fight-statistics/ufc-fight-night-dos-anjos-vs-alvarez,296
https://sports-statistics.com/ufc/ufc-fight-statistics/ufc-fight-night-macdonald-vs-thompson,297
https://sports-statistics.com/ufc/ufc-fight-statistics/ufc-199-rockhold-vs-bisping-2,298
https://sports-statistics.com/ufc/ufc-fight-statistics/ufc-fight-night-almeida-vs-garbrandt,299
https://sports-statistics.com/ufc/ufc-fight-statistics/ufc-198-werdum-vs-miocic,300
https://sports-statistics.com/ufc/ufc-fight-statistics/ufc-fight-night-overeem-vs-arlovski,301
https://sports-statistics.com/ufc/ufc-fight-statistics/ufc-197-jones-vs-saint-preux,302
https://sports-statistics.com/ufc/ufc-fight-statistics/ufc-on-fox-teixeira-vs-evans,303
https://sports-statistics.com/ufc/ufc-fight-statistics/ufc-fight-night-rothwell-vs-dos-santos,304
https://sports-statistics.com/ufc/ufc-fight-statistics/ufc-fight-night-hunt-vs-mir,305
https://sports-statistics.com/ufc/ufc-fight-statistics/ufc-196-mcgregor-vs-diaz,306
https://sports-statistics.com/ufc/ufc-fight-statistics/ufc-fight-night-silva-vs-bisping,307
https://sports-statistics.com/ufc/ufc-fight-statistics/ufc-fight-night-cowboy-vs-cowboy,308
https://sports-statistics.com/ufc/ufc-fight-statistics/ufc-fight-night-hendricks-vs-thompson,309
https://sports-statistics.com/ufc/ufc-fight-statistics/ufc-on-fox-johnson-vs-bader,310
https://sports-statistics.com/ufc/ufc-fight-statistics/ufc-fight-night-dillashaw-vs-cruz,311
https://sports-statistics.com/ufc/ufc-fight-statistics/ufc-195-lawler-vs-condit,312
https://sports-statistics.com/ufc/ufc-fight-statistics/ufc-on-fox-dos-anjos-vs-cowboy-2,313
https://sports-statistics.com/ufc/ufc-fight-statistics/ufc-194-aldo-vs-mcgregor,314
https://sports-statistics.com/ufc/ufc-fight-statistics/the-ultimate-fighter-team-mcgregor-vs-team-faber-finale,315
https://sports-statistics.com/ufc/ufc-fight-statistics/ufc-fight-night-namajunas-vs-vanzant,316
https://sports-statistics.com/ufc/ufc-fight-statistics/ufc-fight-night-henderson-vs-masvidal,317
https://sports-statistics.com/ufc/ufc-fight-statistics/ufc-fight-night-magny-vs-gastelum,318
https://sports-statistics.com/ufc/ufc-fight-statistics/ufc-193-rousey-vs-holm,319
https://sports-statistics.com/ufc/ufc-fight-statistics/ufc-fight-night-belfort-vs-henderson-3,320
https://sports-statistics.com/ufc/ufc-fight-statistics/ufc-fight-night-holohan-vs-smolka,321
https://sports-statistics.com/ufc/ufc-fight-statistics/ufc-192-cormier-vs-gustafsson,322
https://sports-statistics.com/ufc/ufc-fight-statistics/ufc-fight-night-barnett-vs-nelson,323
https://sports-statistics.com/ufc/ufc-fight-statistics/ufc-191-johnson-vs-dodson-2,324
https://sports-statistics.com/ufc/ufc-fight-statistics/ufc-fight-night-holloway-vs-oliveira,325
https://sports-statistics.com/ufc/ufc-fight-statistics/ufc-fight-night-teixeira-vs-saint-preux,326
https://sports-statistics.com/ufc/ufc-fight-statistics/ufc-190-rousey-vs-correia,327
https://sports-statistics.com/ufc/ufc-fight-statistics/ufc-on-fox-dillashaw-vs-barao-ii,328
https://sports-statistics.com/ufc/ufc-fight-statistics/ufc-fight-night-bisping-vs-leites,329
https://sports-statistics.com/ufc/ufc-fight-statistics/ufc-fight-night-mir-vs-duffee,330
https://sports-statistics.com/ufc/ufc-fight-statistics/the-ultimate-fighter-american-top-team-vs-blackzilians-finale,331
https://sports-statistics.com/ufc/ufc-fight-statistics/ufc-189-mendes-vs-mcgregor,332
https://sports-statistics.com/ufc/ufc-fight-statistics/ufc-fight-night-machida-vs-romero,333
https://sports-statistics.com/ufc/ufc-fight-statistics/ufc-fight-night-jedrzejczyk-vs-penne,334
https://sports-statistics.com/ufc/ufc-fight-statistics/ufc-188-velasquez-vs-werdum,335
https://sports-statistics.com/ufc/ufc-fight-statistics/ufc-fight-night-boetsch-vs-henderson,336
https://sports-statistics.com/ufc/ufc-fight-statistics/ufc-fight-night-condit-vs-alves,337
https://sports-statistics.com/ufc/ufc-fight-statistics/ufc-187-johnson-vs-cormier,338
https://sports-statistics.com/ufc/ufc-fight-statistics/ufc-fight-night-edgar-vs-faber,339
https://sports-statistics.com/ufc/ufc-fight-statistics/ufc-fight-night-miocic-vs-hunt,340
https://sports-statistics.com/ufc/ufc-fight-statistics/ufc-186-johnson-vs-horiguchi,341
https://sports-statistics.com/ufc/ufc-fight-statistics/ufc-on-fox-machida-vs-rockhold,342
https://sports-statistics.com/ufc/ufc-fight-statistics/ufc-fight-night-gonzaga-vs-cro-cop-2,343
https://sports-statistics.com/ufc/ufc-fight-statistics/ufc-fight-night-mendes-vs-lamas,344
https://sports-statistics.com/ufc/ufc-fight-statistics/ufc-fight-night-maia-vs-laflare,345
https://sports-statistics.com/ufc/ufc-fight-statistics/ufc-185-pettis-vs-dos-anjos,346
https://sports-statistics.com/ufc/ufc-fight-statistics/ufc-184-rousey-vs-zingano,347
https://sports-statistics.com/ufc/ufc-fight-statistics/ufc-fight-night-bigfoot-vs-mir,348
https://sports-statistics.com/ufc/ufc-fight-statistics/ufc-fight-night-henderson-vs-thatch,349
https://sports-statistics.com/ufc/ufc-fight-statistics/ufc-183-silva-vs-diaz,350
https://sports-statistics.com/ufc/ufc-fight-statistics/ufc-on-fox-gustafsson-vs-johnson,351
https://sports-statistics.com/ufc/ufc-fight-statistics/ufc-fight-night-mcgregor-vs-siver,352
https://sports-statistics.com/ufc/ufc-fight-statistics/ufc-182-jones-vs-cormier,353
https://sports-statistics.com/ufc/ufc-fight-statistics/ufc-fight-night-machida-vs-dollaway,354
https://sports-statistics.com/ufc/ufc-fight-statistics/ufc-on-fox-dos-santos-vs-miocic,355
https://sports-statistics.com/ufc/ufc-fight-statistics/the-ultimate-fighter-a-champion-will-be-crowned-finale,356
https://sports-statistics.com/ufc/ufc-fight-statistics/ufc-181-hendricks-vs-lawler-ii,357
https://sports-statistics.com/ufc/ufc-fight-statistics/ufc-fight-night-edgar-vs-swanson,358
https://sports-statistics.com/ufc/ufc-fight-statistics/ufc-180-werdum-vs-hunt,359
https://sports-statistics.com/ufc/ufc-fight-statistics/ufc-fight-night-56-shogun-vs-saint-preux,360
https://sports-statistics.com/ufc/ufc-fight-statistics/ufc-fight-night-rockhold-vs-bisping,361
https://sports-statistics.com/ufc/ufc-fight-statistics/ufc-179-aldo-vs-mendes-2,362
https://sports-statistics.com/ufc/ufc-fight-statistics/ufc-fight-night-macdonald-vs-saffiedine,363
https://sports-statistics.com/ufc/ufc-fight-statistics/ufc-fight-night-nelson-vs-story,364
https://sports-statistics.com/ufc/ufc-fight-statistics/ufc-178-johnson-vs-cariaso,365
https://sports-statistics.com/ufc/ufc-fight-statistics/ufc-fight-night-hunt-vs-nelson,366
https://sports-statistics.com/ufc/ufc-fight-statistics/ufc-fight-night-bigfoot-vs-arlovski,367
https://sports-statistics.com/ufc/ufc-fight-statistics/ufc-fight-night-jacare-vs-mousasi,368
https://sports-statistics.com/ufc/ufc-fight-statistics/ufc-177-dillashaw-vs-soto,369
https://sports-statistics.com/ufc/ufc-fight-statistics/ufc-fight-night-henderson-vs-dos-anjos,370
https://sports-statistics.com/ufc/ufc-fight-statistics/ufc-fight-night-bisping-vs-le,371
https://sports-statistics.com/ufc/ufc-fight-statistics/ufc-fight-night-bader-vs-saint-preux,372
https://sports-statistics.com/ufc/ufc-fight-statistics/ufc-on-fox-lawler-vs-brown,373
https://sports-statistics.com/ufc/ufc-fight-statistics/ufc-fight-night-mcgregor-vs-brandao,374
https://sports-statistics.com/ufc/ufc-fight-statistics/ufc-fight-night-cowboy-vs-miller,375
https://sports-statistics.com/ufc/ufc-fight-statistics/the-ultimate-fighter-team-edgar-vs-team-penn-finale,376
https://sports-statistics.com/ufc/ufc-fight-statistics/ufc-175-weidman-vs-machida,377
https://sports-statistics.com/ufc/ufc-fight-statistics/ufc-fight-night-swanson-vs-stephens,378
https://sports-statistics.com/ufc/ufc-fight-statistics/ufc-fight-night-te-huna-vs-marquardt,379
https://sports-statistics.com/ufc/ufc-fight-statistics/ufc-174-johnson-vs-bagautinov,380
https://sports-statistics.com/ufc/ufc-fight-statistics/ufc-fight-night-henderson-vs-khabilov,381
https://sports-statistics.com/ufc/ufc-fight-statistics/ufc-fight-night-miocic-vs-maldonado,382
https://sports-statistics.com/ufc/ufc-fight-statistics/ufc-fight-night-munoz-vs-mousasi,383
https://sports-statistics.com/ufc/ufc-fight-statistics/ufc-173-barao-vs-dillashaw,384
https://sports-statistics.com/ufc/ufc-fight-statistics/ufc-fight-night-brown-vs-silva,385
https://sports-statistics.com/ufc/ufc-fight-statistics/ufc-172-jones-vs-teixeira,386
https://sports-statistics.com/ufc/ufc-fight-statistics/ufc-on-fox-werdum-vs-browne,387
https://sports-statistics.com/ufc/ufc-fight-statistics/ufc-fight-night-bisping-vs-kennedy,388
https://sports-statistics.com/ufc/ufc-fight-statistics/ufc-fight-night-minotauro-vs-nelson,389
https://sports-statistics.com/ufc/ufc-fight-statistics/ufc-fight-night-shogun-vs-henderson-2,390
https://sports-statistics.com/ufc/ufc-fight-statistics/ufc-171-hendricks-vs-lawler,391
https://sports-statistics.com/ufc/ufc-fight-statistics/ufc-fight-night-gustafsson-vs-manuwa,392
https://sports-statistics.com/ufc/ufc-fight-statistics/ufc-fight-night-kim-vs-hathaway,393
https://sports-statistics.com/ufc/ufc-fight-statistics/ufc-170-rousey-vs-mcmann,394
https://sports-statistics.com/ufc/ufc-fight-statistics/ufc-fight-night-machida-vs-mousasi,395
https://sports-statistics.com/ufc/ufc-fight-statistics/ufc-169-barao-vs-faber-2,396
https://sports-statistics.com/ufc/ufc-fight-statistics/ufc-on-fox-henderson-vs-thomson,397
https://sports-statistics.com/ufc/ufc-fight-statistics/ufc-fight-night-rockhold-vs-philippou,398
https://sports-statistics.com/ufc/ufc-fight-statistics/ufc-fight-night-saffiedine-vs-lim,399
https://sports-statistics.com/ufc/ufc-fight-statistics/ufc-168-weidman-vs-silva-2,400
https://sports-statistics.com/ufc/ufc-fight-statistics/ufc-on-fox-johnson-vs-benavidez-2,401
https://sports-statistics.com/ufc/ufc-fight-statistics/ufc-fight-night-hunt-vs-bigfoot,402
https://sports-statistics.com/ufc/ufc-fight-statistics/the-ultimate-fighter-team-rousey-vs-team-tate-finale,403
https://sports-statistics.com/ufc/ufc-fight-statistics/ufc-167-st-pierre-vs-hendricks,404
https://sports-statistics.com/ufc/ufc-fight-statistics/ufc-fight-night-belfort-vs-henderson-2,405
https://sports-statistics.com/ufc/ufc-fight-statistics/ufc-fight-night-fight-for-the-troops-3,406
https://sports-statistics.com/ufc/ufc-fight-statistics/ufc-fight-night-machida-vs-munoz,407
https://sports-statistics.com/ufc/ufc-fight-statistics/ufc-166-velasquez-vs-dos-santos-3,408
https://sports-statistics.com/ufc/ufc-fight-statistics/ufc-fight-night-maia-vs-shields,409
https://sports-statistics.com/ufc/ufc-fight-statistics/ufc-165-jones-vs-gustafsson,410
https://sports-statistics.com/ufc/ufc-fight-statistics/ufc-fight-night-teixeira-vs-bader,411
https://sports-statistics.com/ufc/ufc-fight-statistics/ufc-164-henderson-vs-pettis-2,412
https://sports-statistics.com/ufc/ufc-fight-statistics/ufc-fight-night-condit-vs-kampmann-2,413
https://sports-statistics.com/ufc/ufc-fight-statistics/ufc-fight-night-shogun-vs-sonnen,414
https://sports-statistics.com/ufc/ufc-fight-statistics/ufc-163-aldo-vs-jung,415
https://sports-statistics.com/ufc/ufc-fight-statistics/ufc-on-fox-johnson-vs-moraga,416
https://sports-statistics.com/ufc/ufc-fight-statistics/ufc-162-silva-vs-weidman,417
https://sports-statistics.com/ufc/ufc-fight-statistics/ufc-161-evans-vs-henderson,418
https://sports-statistics.com/ufc/ufc-fight-statistics/ufc-on-fuel-tv-nogueira-vs-werdum,419
https://sports-statistics.com/ufc/ufc-fight-statistics/ufc-160-velasquez-vs-silva-2,420
https://sports-statistics.com/ufc/ufc-fight-statistics/ufc-on-fx-belfort-vs-rockhold,421
https://sports-statistics.com/ufc/ufc-fight-statistics/ufc-159-jones-vs-sonnen,422
https://sports-statistics.com/ufc/ufc-fight-statistics/ufc-on-fox-henderson-vs-melendez,423
https://sports-statistics.com/ufc/ufc-fight-statistics/the-ultimate-fighter-team-jones-vs-team-sonnen-finale,424
https://sports-statistics.com/ufc/ufc-fight-statistics/ufc-on-fuel-tv-mousasi-vs-latifi,425
https://sports-statistics.com/ufc/ufc-fight-statistics/ufc-158-st-pierre-vs-diaz,426
https://sports-statistics.com/ufc/ufc-fight-statistics/ufc-on-fuel-tv-silva-vs-stann,427
https://sports-statistics.com/ufc/ufc-fight-statistics/ufc-157-rousey-vs-carmouche,428
https://sports-statistics.com/ufc/ufc-fight-statistics/ufc-on-fuel-tv-barao-vs-mcdonald,429
https://sports-statistics.com/ufc/ufc-fight-statistics/ufc-156-aldo-vs-edgar,430
https://sports-statistics.com/ufc/ufc-fight-statistics/ufc-on-fox-johnson-vs-dodson,431
https://sports-statistics.com/ufc/ufc-fight-statistics/ufc-on-fx-belfort-vs-bisping,432
https://sports-statistics.com/ufc/ufc-fight-statistics/ufc-155-dos-santos-vs-velasquez-ii,433
https://sports-statistics.com/ufc/ufc-fight-statistics/the-ultimate-fighter-team-carwin-vs-team-nelson-finale,434
https://sports-statistics.com/ufc/ufc-fight-statistics/ufc-on-fx-sotiropoulos-vs-pearson,435
https://sports-statistics.com/ufc/ufc-fight-statistics/ufc-on-fox-henderson-vs-diaz,436
https://sports-statistics.com/ufc/ufc-fight-statistics/ufc-154-st-pierre-vs-condit,437
https://sports-statistics.com/ufc/ufc-fight-statistics/ufc-macao-franklin-vs-le,438
https://sports-statistics.com/ufc/ufc-fight-statistics/ufc-153-silva-vs-bonnar,439
https://sports-statistics.com/ufc/ufc-fight-statistics/ufc-on-fx-browne-vs-bigfoot,440
https://sports-statistics.com/ufc/ufc-fight-statistics/ufc-on-fuel-tv-struve-vs-miocic,441
https://sports-statistics.com/ufc/ufc-fight-statistics/ufc-152-jones-vs-belfort,442
https://sports-statistics.com/ufc/ufc-fight-statistics/ufc-150-henderson-vs-edgar-ii,443
https://sports-statistics.com/ufc/ufc-fight-statistics/ufc-on-fox-shogun-vs-vera,444
https://sports-statistics.com/ufc/ufc-fight-statistics/ufc-149-faber-vs-barao,445
https://sports-statistics.com/ufc/ufc-fight-statistics/ufc-on-fuel-tv-munoz-vs-weidman,446
https://sports-statistics.com/ufc/ufc-fight-statistics/ufc-148-silva-vs-sonnen-2,447
https://sports-statistics.com/ufc/ufc-fight-statistics/ufc-147-silva-vs-franklin-2,448
https://sports-statistics.com/ufc/ufc-fight-statistics/ufc-on-fx-maynard-vs-guida,449
https://sports-statistics.com/ufc/ufc-fight-statistics/ufc-on-fx-johnson-vs-mccall,450
https://sports-statistics.com/ufc/ufc-fight-statistics/the-ultimate-fighter-live-finale,451
https://sports-statistics.com/ufc/ufc-fight-statistics/ufc-146-dos-santos-vs-mir,452
https://sports-statistics.com/ufc/ufc-fight-statistics/ufc-on-fuel-tv-korean-zombie-vs-poirier,453
https://sports-statistics.com/ufc/ufc-fight-statistics/ufc-on-fox-diaz-vs-miller,454
https://sports-statistics.com/ufc/ufc-fight-statistics/ufc-145-jones-vs-evans,455
https://sports-statistics.com/ufc/ufc-fight-statistics/ufc-on-fuel-tv-gustafsson-vs-silva,456
https://sports-statistics.com/ufc/ufc-fight-statistics/ufc-on-fx-alves-vs-kampmann,457
https://sports-statistics.com/ufc/ufc-fight-statistics/ufc-144-edgar-vs-henderson,458
https://sports-statistics.com/ufc/ufc-fight-statistics/ufc-on-fuel-tv-sanchez-vs-ellenberger,459
https://sports-statistics.com/ufc/ufc-fight-statistics/ufc-143-diaz-vs-condit,460
https://sports-statistics.com/ufc/ufc-fight-statistics/ufc-on-fox-evans-vs-davis,461
https://sports-statistics.com/ufc/ufc-fight-statistics/ufc-on-fx-guillard-vs-miller,462
https://sports-statistics.com/ufc/ufc-fight-statistics/ufc-142-aldo-vs-mendes,463
https://sports-statistics.com/ufc/ufc-fight-statistics/ufc-141-lesnar-vs-overeem,464
https://sports-statistics.com/ufc/ufc-fight-statistics/ufc-140-jones-vs-machida,465
https://sports-statistics.com/ufc/ufc-fight-statistics/the-ultimate-fighter-team-bisping-vs-team-miller-finale,466
https://sports-statistics.com/ufc/ufc-fight-statistics/ufc-139-shogun-vs-henderson,467
https://sports-statistics.com/ufc/ufc-fight-statistics/ufc-on-fox-velasquez-vs-dos-santos,468
https://sports-statistics.com/ufc/ufc-fight-statistics/ufc-138-leben-vs-munoz,469
https://sports-statistics.com/ufc/ufc-fight-statistics/ufc-137-penn-vs-diaz,470
https://sports-statistics.com/ufc/ufc-fight-statistics/ufc-136-edgar-vs-maynard-3,471
https://sports-statistics.com/ufc/ufc-fight-statistics/ufc-live-cruz-vs-johnson,472
https://sports-statistics.com/ufc/ufc-fight-statistics/ufc-135-jones-vs-rampage,473
https://sports-statistics.com/ufc/ufc-fight-statistics/ufc-fight-night-shields-vs-ellenberger,474
https://sports-statistics.com/ufc/ufc-fight-statistics/ufc-134-silva-vs-okami,475
https://sports-statistics.com/ufc/ufc-fight-statistics/ufc-live-hardy-vs-lytle,476
https://sports-statistics.com/ufc/ufc-fight-statistics/ufc-133-evans-vs-ortiz-2,477
https://sports-statistics.com/ufc/ufc-fight-statistics/ufc-132-cruz-vs-faber,478
https://sports-statistics.com/ufc/ufc-fight-statistics/ufc-live-kongo-vs-barry,479
https://sports-statistics.com/ufc/ufc-fight-statistics/ufc-131-dos-santos-vs-carwin,480
https://sports-statistics.com/ufc/ufc-fight-statistics/the-ultimate-fighter-team-lesnar-vs-team-dos-santos-finale,481
https://sports-statistics.com/ufc/ufc-fight-statistics/ufc-130-rampage-vs-hamill,482
https://sports-statistics.com/ufc/ufc-fight-statistics/ufc-129-st-pierre-vs-shields,483
https://sports-statistics.com/ufc/ufc-fight-statistics/ufc-fight-night-nogueira-vs-davis,484
https://sports-statistics.com/ufc/ufc-fight-statistics/ufc-128-shogun-vs-jones,485
https://sports-statistics.com/ufc/ufc-fight-statistics/ufc-live-sanchez-vs-kampmann,486
https://sports-statistics.com/ufc/ufc-fight-statistics/ufc-127-penn-vs-fitch,487
https://sports-statistics.com/ufc/ufc-fight-statistics/ufc-126-silva-vs-belfort,488
https://sports-statistics.com/ufc/ufc-fight-statistics/ufc-fight-night-fight-for-the-troops-2,489
https://sports-statistics.com/ufc/ufc-fight-statistics/ufc-125-resolution,490
https://sports-statistics.com/ufc/ufc-fight-statistics/ufc-124-st-pierre-vs-koscheck-2,491
https://sports-statistics.com/ufc/ufc-fight-statistics/the-ultimate-fighter-team-gsp-vs-team-koscheck-finale,492
https://sports-statistics.com/ufc/ufc-fight-statistics/ufc-123-rampage-vs-machida,493
https://sports-statistics.com/ufc/ufc-fight-statistics/ufc-122-marquardt-vs-okami,494
https://sports-statistics.com/ufc/ufc-fight-statistics/ufc-121-lesnar-vs-velasquez,495
https://sports-statistics.com/ufc/ufc-fight-statistics/ufc-120-bisping-vs-akiyama,496
https://sports-statistics.com/ufc/ufc-fight-statistics/ufc-119-mir-vs-cro-cop,497
https://sports-statistics.com/ufc/ufc-fight-statistics/ufc-fight-night-marquardt-vs-palhares,498
https://sports-statistics.com/ufc/ufc-fight-statistics/ufc-118-edgar-vs-penn-2,499
https://sports-statistics.com/ufc/ufc-fight-statistics/ufc-117-silva-vs-sonnen,500
https://sports-statistics.com/ufc/ufc-fight-statistics/ufc-live-jones-vs-matyushenko,501
https://sports-statistics.com/ufc/ufc-fight-statistics/ufc-116-lesnar-vs-carwin,502
https://sports-statistics.com/ufc/ufc-fight-statistics/the-ultimate-fighter-team-liddell-vs-team-ortiz-finale,503
https://sports-statistics.com/ufc/ufc-fight-statistics/ufc-115-liddell-vs-franklin,504
https://sports-statistics.com/ufc/ufc-fight-statistics/ufc-114-rampage-vs-evans,505
https://sports-statistics.com/ufc/ufc-fight-statistics/ufc-113-machida-vs-shogun-2,506
https://sports-statistics.com/ufc/ufc-fight-statistics/ufc-112-invincible,507
https://sports-statistics.com/ufc/ufc-fight-statistics/ufc-fight-night-florian-vs-gomi,508
https://sports-statistics.com/ufc/ufc-fight-statistics/ufc-111-st-pierre-vs-hardy,509
https://sports-statistics.com/ufc/ufc-fight-statistics/ufc-live-vera-vs-jones,510
https://sports-statistics.com/ufc/ufc-fight-statistics/ufc-110-nogueira-vs-velasquez,511
https://sports-statistics.com/ufc/ufc-fight-statistics/ufc-109-relentless,512
https://sports-statistics.com/ufc/ufc-fight-statistics/ufc-fight-night-maynard-vs-diaz,513
https://sports-statistics.com/ufc/ufc-fight-statistics/ufc-108-evans-vs-silva,514
https://sports-statistics.com/ufc/ufc-fight-statistics/ufc-107-penn-vs-sanchez,515
https://sports-statistics.com/ufc/ufc-fight-statistics/the-ultimate-fighter-heavyweights-finale,516
https://sports-statistics.com/ufc/ufc-fight-statistics/ufc-106-ortiz-vs-griffin-2,517
https://sports-statistics.com/ufc/ufc-fight-statistics/ufc-105-couture-vs-vera,518
https://sports-statistics.com/ufc/ufc-fight-statistics/ufc-104-machida-vs-shogun,519
https://sports-statistics.com/ufc/ufc-fight-statistics/ufc-103-franklin-vs-belfort,520
https://sports-statistics.com/ufc/ufc-fight-statistics/ufc-fight-night-diaz-vs-guillard,521
https://sports-statistics.com/ufc/ufc-fight-statistics/ufc-102-couture-vs-nogueira,522
https://sports-statistics.com/ufc/ufc-fight-statistics/ufc-101-declaration,523
https://sports-statistics.com/ufc/ufc-fight-statistics/ufc-100,524
https://sports-statistics.com/ufc/ufc-fight-statistics/the-ultimate-fighter-united-states-vs-united-kingdom-finale,525
https://sports-statistics.com/ufc/ufc-fight-statistics/ufc-99-the-comeback,526
https://sports-statistics.com/ufc/ufc-fight-statistics/ufc-98-evans-vs-machida,527
https://sports-statistics.com/ufc/ufc-fight-statistics/ufc-97-redemption,528
https://sports-statistics.com/ufc/ufc-fight-statistics/ufc-fight-night-condit-vs-kampmann,529
https://sports-statistics.com/ufc/ufc-fight-statistics/ufc-96-jackson-vs-jardine,530
https://sports-statistics.com/ufc/ufc-fight-statistics/ufc-95-sanchez-vs-stevenson,531
https://sports-statistics.com/ufc/ufc-fight-statistics/ufc-fight-night-lauzon-vs-stephens,532
https://sports-statistics.com/ufc/ufc-fight-statistics/ufc-94-st-pierre-vs-penn-2,533
https://sports-statistics.com/ufc/ufc-fight-statistics/ufc-93-franklin-vs-henderson,534
https://sports-statistics.com/ufc/ufc-fight-statistics/ufc-92-the-ultimate-2008,535
https://sports-statistics.com/ufc/ufc-fight-statistics/the-ultimate-fighter-team-nogueira-vs-team-mir-finale,536
https://sports-statistics.com/ufc/ufc-fight-statistics/ufc-fight-night---fight-for-the-troops,537
https://sports-statistics.com/ufc/ufc-fight-statistics/ufc-91-couture-vs-lesnar,538
https://sports-statistics.com/ufc/ufc-fight-statistics/ufc-90-silva-vs-cote,539
https://sports-statistics.com/ufc/ufc-fight-statistics/ufc-89-bisping-vs-leben,540
https://sports-statistics.com/ufc/ufc-fight-statistics/ufc-fight-night-diaz-vs-neer,541
https://sports-statistics.com/ufc/ufc-fight-statistics/ufc-88-breakthrough,542
https://sports-statistics.com/ufc/ufc-fight-statistics/ufc-87-seek-and-destroy,543
https://sports-statistics.com/ufc/ufc-fight-statistics/ufc-silva-vs-irvin,544
https://sports-statistics.com/ufc/ufc-fight-statistics/ufc-86-jackson-vs-griffin,545
https://sports-statistics.com/ufc/ufc-fight-statistics/the-ultimate-fighter-team-rampage-vs-team-forrest-finale,546
https://sports-statistics.com/ufc/ufc-fight-statistics/ufc-85-bedlam,547
https://sports-statistics.com/ufc/ufc-fight-statistics/ufc-84-ill-will,548
https://sports-statistics.com/ufc/ufc-fight-statistics/ufc-83-serra-vs-st-pierre-2,549
https://sports-statistics.com/ufc/ufc-fight-statistics/ufc-fight-night-florian-vs-lauzon,550
https://sports-statistics.com/ufc/ufc-fight-statistics/ufc-82-pride-of-a-champion,551
https://sports-statistics.com/ufc/ufc-fight-statistics/ufc-81-breaking-point,552
https://sports-statistics.com/ufc/ufc-fight-statistics/ufc-fight-night-swick-vs-burkman,553
https://sports-statistics.com/ufc/ufc-fight-statistics/ufc-80-rapid-fire,554
https://sports-statistics.com/ufc/ufc-fight-statistics/ufc-79-nemesis,555
https://sports-statistics.com/ufc/ufc-fight-statistics/the-ultimate-fighter-team-hughes-vs-team-serra-finale,556
https://sports-statistics.com/ufc/ufc-fight-statistics/ufc-78-validation,557
https://sports-statistics.com/ufc/ufc-fight-statistics/ufc-77-hostile-territory,558
https://sports-statistics.com/ufc/ufc-fight-statistics/ufc-76-knockout,559
https://sports-statistics.com/ufc/ufc-fight-statistics/ufc-fight-night-thomas-vs-florian,560
https://sports-statistics.com/ufc/ufc-fight-statistics/ufc-75-champion-vs-champion,561
https://sports-statistics.com/ufc/ufc-fight-statistics/ufc-74-respect,562
https://sports-statistics.com/ufc/ufc-fight-statistics/ufc-73-stacked,563
https://sports-statistics.com/ufc/ufc-fight-statistics/the-ultimate-fighter-team-pulver-vs-team-penn-finale,564
https://sports-statistics.com/ufc/ufc-fight-statistics/ufc-72-victory,565
https://sports-statistics.com/ufc/ufc-fight-statistics/ufc-fight-night-stout-vs-fisher,566
https://sports-statistics.com/ufc/ufc-fight-statistics/ufc-71-liddell-vs-jackson,567
https://sports-statistics.com/ufc/ufc-fight-statistics/ufc-70-nations-collide,568
https://sports-statistics.com/ufc/ufc-fight-statistics/ufc-69-shootout,569
https://sports-statistics.com/ufc/ufc-fight-statistics/ufc-fight-night-stevenson-vs-guillard,570
https://sports-statistics.com/ufc/ufc-fight-statistics/ufc-68-the-uprising,571
https://sports-statistics.com/ufc/ufc-fight-statistics/ufc-67-all-or-nothing,572
https://sports-statistics.com/ufc/ufc-fight-statistics/ufc-fight-night-evans-vs-salmon,573
https://sports-statistics.com/ufc/ufc-fight-statistics/ufc-66-liddell-vs-ortiz-2,574
https://sports-statistics.com/ufc/ufc-fight-statistics/ufc-fight-night-sanchez-vs-riggs,575
https://sports-statistics.com/ufc/ufc-fight-statistics/ufc-65-bad-intentions,576
https://sports-statistics.com/ufc/ufc-fight-statistics/the-ultimate-fighter-the-comeback-finale,577
https://sports-statistics.com/ufc/ufc-fight-statistics/ufc-64-unstoppable,578
https://sports-statistics.com/ufc/ufc-fight-statistics/ufc-63-hughes-vs-penn,579
https://sports-statistics.com/ufc/ufc-fight-statistics/ufc-62-liddell-vs-sobral,580
https://sports-statistics.com/ufc/ufc-fight-statistics/ufc-fight-night-6,581
https://sports-statistics.com/ufc/ufc-fight-statistics/ufc-61-bitter-rivals,582
https://sports-statistics.com/ufc/ufc-fight-statistics/ufc-fight-night-5,583
https://sports-statistics.com/ufc/ufc-fight-statistics/the-ultimate-fighter-team-ortiz-vs-team-shamrock-finale,584
https://sports-statistics.com/ufc/ufc-fight-statistics/ufc-60-hughes-vs-gracie,585
https://sports-statistics.com/ufc/ufc-fight-statistics/ufc-59-reality-check,586
https://sports-statistics.com/ufc/ufc-fight-statistics/ufc-fight-night-4,587
https://sports-statistics.com/ufc/ufc-fight-statistics/ufc-58-usa-vs-canada,588
https://sports-statistics.com/ufc/ufc-fight-statistics/ufc-57-liddell-vs-couture-3,589
https://sports-statistics.com/ufc/ufc-fight-statistics/ufc-fight-night-3,590
https://sports-statistics.com/ufc/ufc-fight-statistics/ufc-56-full-force,591
https://sports-statistics.com/ufc/ufc-fight-statistics/the-ultimate-fighter-team-hughes-vs-team-franklin-finale,592
https://sports-statistics.com/ufc/ufc-fight-statistics/ufc-55-fury,593
https://sports-statistics.com/ufc/ufc-fight-statistics/ufc-fight-night-2,594
https://sports-statistics.com/ufc/ufc-fight-statistics/ufc-54-boiling-point,595
https://sports-statistics.com/ufc/ufc-fight-statistics/ufc-fight-night-1,596
https://sports-statistics.com/ufc/ufc-fight-statistics/ufc-53-heavy-hitters,597
https://sports-statistics.com/ufc/ufc-fight-statistics/ufc-52-couture-vs-liddell-2,598
https://sports-statistics.com/ufc/ufc-fight-statistics/the-ultimate-fighter-team-couture-vs-team-liddell-finale,599
https://sports-statistics.com/ufc/ufc-fight-statistics/ufc-51-super-saturday,600
https://sports-statistics.com/ufc/ufc-fight-statistics/ufc-50-the-war-of-03904,601
https://sports-statistics.com/ufc/ufc-fight-statistics/ufc-49-unfinished-business,602
https://sports-statistics.com/ufc/ufc-fight-statistics/ufc-48-payback,603
https://sports-statistics.com/ufc/ufc-fight-statistics/ufc-47-it039s-on,604
https://sports-statistics.com/ufc/ufc-fight-statistics/ufc-46-supernatural,605
https://sports-statistics.com/ufc/ufc-fight-statistics/ufc-45-revolution,606
https://sports-statistics.com/ufc/ufc-fight-statistics/ufc-44-undisputed,607
https://sports-statistics.com/ufc/ufc-fight-statistics/ufc-43-meltdown,608
https://sports-statistics.com/ufc/ufc-fight-statistics/ufc-42-sudden-impact,609
https://sports-statistics.com/ufc/ufc-fight-statistics/ufc-41-onslaught,610
https://sports-statistics.com/ufc/ufc-fight-statistics/ufc-40-vendetta,611
https://sports-statistics.com/ufc/ufc-fight-statistics/ufc-39-the-warriors-return,612
https://sports-statistics.com/ufc/ufc-fight-statistics/ufc-38-brawl-at-the-hall,613
https://sports-statistics.com/ufc/ufc-fight-statistics/ufc-375-as-real-as-it-gets,614
https://sports-statistics.com/ufc/ufc-fight-statistics/ufc-37-high-impact,615
https://sports-statistics.com/ufc/ufc-fight-statistics/ufc-36-worlds-collide,616
https://sports-statistics.com/ufc/ufc-fight-statistics/ufc-35-throwdown,617
https://sports-statistics.com/ufc/ufc-fight-statistics/ufc-34-high-voltage,618
https://sports-statistics.com/ufc/ufc-fight-statistics/ufc-33-victory-in-vegas,619
https://sports-statistics.com/ufc/ufc-fight-statistics/ufc-32-showdown-in-the-meadowlands,620
https://sports-statistics.com/ufc/ufc-fight-statistics/ufc-31-locked-and-loaded,621
https://sports-statistics.com/ufc/ufc-fight-statistics/ufc-30-battle-on-the-boardwalk,622
https://sports-statistics.com/ufc/ufc-fight-statistics/ufc-29-defense-of-the-belts,623
https://sports-statistics.com/ufc/ufc-fight-statistics/ufc-28-high-stakes,624
https://sports-statistics.com/ufc/ufc-fight-statistics/ufc-27-ultimate-bad-boyz,625
https://sports-statistics.com/ufc/ufc-fight-statistics/ufc-26-ultimate-field-of-dreams,626
https://sports-statistics.com/ufc/ufc-fight-statistics/ufc-25-ultimate-japan-3,627
https://sports-statistics.com/ufc/ufc-fight-statistics/ufc-24-first-defense,628
https://sports-statistics.com/ufc/ufc-fight-statistics/ufc-23-ultimate-japan-2,629
https://sports-statistics.com/ufc/ufc-fight-statistics/ufc-22-only-one-can-be-champion,630
https://sports-statistics.com/ufc/ufc-fight-statistics/ufc-21-return-of-the-champions,631
https://sports-statistics.com/ufc/ufc-fight-statistics/ufc-20-battle-for-the-gold,632
https://sports-statistics.com/ufc/ufc-fight-statistics/ufc-19-ultimate-young-guns,633
https://sports-statistics.com/ufc/ufc-fight-statistics/ufc-18-the-road-to-the-heavyweight-title,634
https://sports-statistics.com/ufc/ufc-fight-statistics/ufc---ultimate-brazil,635
https://sports-statistics.com/ufc/ufc-fight-statistics/ufc-17-redemption,636
https://sports-statistics.com/ufc/ufc-fight-statistics/ufc-16-battle-in-the-bayou,637
https://sports-statistics.com/ufc/ufc-fight-statistics/ufc---ultimate-japan,638
https://sports-statistics.com/ufc/ufc-fight-statistics/ufc-15-collision-course,639
https://sports-statistics.com/ufc/ufc-fight-statistics/ufc-14-showdown,640
https://sports-statistics.com/ufc/ufc-fight-statistics/ufc-13-the-ultimate-force,641
https://sports-statistics.com/ufc/ufc-fight-statistics/ufc-12-judgement-day,642
https://sports-statistics.com/ufc/ufc-fight-statistics/ufc---ultimate-ultimate-03996,643
https://sports-statistics.com/ufc/ufc-fight-statistics/ufc-11-the-proving-ground,644
https://sports-statistics.com/ufc/ufc-fight-statistics/ufc-10-the-tournament,645
https://sports-statistics.com/ufc/ufc-fight-statistics/ufc-9-motor-city-madness,646
https://sports-statistics.com/ufc/ufc-fight-statistics/ufc-8-david-vs-goliath,647
https://sports-statistics.com/ufc/ufc-fight-statistics/ufc---ultimate-ultimate-03995,648
https://sports-statistics.com/ufc/ufc-fight-statistics/ufc-7-the-brawl-in-buffalo,649
https://sports-statistics.com/ufc/ufc-fight-statistics/ufc-6-clash-of-the-titans,650
https://sports-statistics.com/ufc/ufc-fight-statistics/ufc-5-the-return-of-the-beast,651
https://sports-statistics.com/ufc/ufc-fight-statistics/ufc-4-revenge-of-the-warriors,652
https://sports-statistics.com/ufc/ufc-fight-statistics/ufc-3-the-american-dream,653
https://sports-statistics.com/ufc/ufc-fight-statistics/ufc-2-no-way-out,654
